cluster_id,time_idx,timestamp,cluster_size,mean_abs_err,max_abs_err,sensor_ids,sensor_names,sensor_indices
14838,7081,2024-01-01 22:27:45,11,0.023088909685611725,0.09197494387626648,730;1644;879;764;735;1484;757;1382;1691;1358;1144,UsMTMduglendive730;UsMtBillings1644;UsUTLayton879;UsCoGolden764;UsNmAlbuq735;UsNdMdudickinson1484;UsMtMtu757;UsWaSpokane1382;UsWaRichland1691;USWaBellingham1358;UsWaSpokane1144,11;93;32;18;14;81;17;66;101;60;57
17673,7951,2024-01-01 22:42:15,9,0.034239355474710464,0.1991947740316391,730;1644;1484;757;1496;1691;1358;1382;1144,UsMTMduglendive730;UsMtBillings1644;UsNdMdudickinson1484;UsMtMtu757;UsWaWsu1496;UsWaRichland1691;USWaBellingham1358;UsWaSpokane1382;UsWaSpokane1144,11;93;81;17;83;101;60;66;57
17453,7891,2024-01-01 22:41:15,9,0.029874136671423912,0.14781497418880463,730;1644;1484;757;1496;1691;1358;1382;1144,UsMTMduglendive730;UsMtBillings1644;UsNdMdudickinson1484;UsMtMtu757;UsWaWsu1496;UsWaRichland1691;USWaBellingham1358;UsWaSpokane1382;UsWaSpokane1144,11;93;81;17;83;101;60;66;57
17954,8039,2024-01-01 22:43:43,9,0.027824752032756805,0.14204950630664825,730;1644;1484;970;757;1496;1358;1382;1144,UsMTMduglendive730;UsMtBillings1644;UsNdMdudickinson1484;UsSdRapidcity970;UsMtMtu757;UsWaWsu1496;USWaBellingham1358;UsWaSpokane1382;UsWaSpokane1144,11;93;81;43;17;83;60;66;57
16949,7763,2024-01-01 22:39:07,9,0.026682555675506592,0.14262846112251282,730;1644;1484;757;1496;1691;1358;1382;1144,UsMTMduglendive730;UsMtBillings1644;UsNdMdudickinson1484;UsMtMtu757;UsWaWsu1496;UsWaRichland1691;USWaBellingham1358;UsWaSpokane1382;UsWaSpokane1144,11;93;81;17;83;101;60;66;57
16982,7775,2024-01-01 22:39:19,9,0.02453952468931675,0.11972955614328384,730;1644;1484;757;1496;1691;1358;1382;1144,UsMTMduglendive730;UsMtBillings1644;UsNdMdudickinson1484;UsMtMtu757;UsWaWsu1496;UsWaRichland1691;USWaBellingham1358;UsWaSpokane1382;UsWaSpokane1144,11;93;81;17;83;101;60;66;57
17595,7928,2024-01-01 22:41:52,9,0.02317192405462265,0.09419013559818268,730;1644;1484;757;1496;1691;1358;1382;1144,UsMTMduglendive730;UsMtBillings1644;UsNdMdudickinson1484;UsMtMtu757;UsWaWsu1496;UsWaRichland1691;USWaBellingham1358;UsWaSpokane1382;UsWaSpokane1144,11;93;81;17;83;101;60;66;57
13051,6464,2024-01-01 22:17:28,9,0.022928766906261444,0.07650887221097946,730;1644;1484;757;1496;1691;1358;1382;1144,UsMTMduglendive730;UsMtBillings1644;UsNdMdudickinson1484;UsMtMtu757;UsWaWsu1496;UsWaRichland1691;USWaBellingham1358;UsWaSpokane1382;UsWaSpokane1144,11;93;81;17;83;101;60;66;57
13055,6465,2024-01-01 22:17:29,9,0.02194472961127758,0.07034378498792648,730;1644;1484;757;1496;1691;1358;1382;1144,UsMTMduglendive730;UsMtBillings1644;UsNdMdudickinson1484;UsMtMtu757;UsWaWsu1496;UsWaRichland1691;USWaBellingham1358;UsWaSpokane1382;UsWaSpokane1144,11;93;81;17;83;101;60;66;57
17436,7887,2024-01-01 22:41:11,9,0.021834753453731537,0.07694968581199646,730;1644;1484;757;1496;1691;1358;1382;1144,UsMTMduglendive730;UsMtBillings1644;UsNdMdudickinson1484;UsMtMtu757;UsWaWsu1496;UsWaRichland1691;USWaBellingham1358;UsWaSpokane1382;UsWaSpokane1144,11;93;81;17;83;101;60;66;57
12410,6199,2024-01-01 22:13:03,9,0.02113589458167553,0.057213250547647476,726;1644;757;1496;1358;1382;1144;1484;730,UsNdMduwilliston726;UsMtBillings1644;UsMtMtu757;UsWaWsu1496;USWaBellingham1358;UsWaSpokane1382;UsWaSpokane1144;UsNdMdudickinson1484;UsMTMduglendive730,10;93;17;83;60;66;57;81;11
18234,8137,2024-01-01 22:45:21,9,0.02084604650735855,0.07906708866357803,730;1644;1484;757;1496;1691;1358;1382;1144,UsMTMduglendive730;UsMtBillings1644;UsNdMdudickinson1484;UsMtMtu757;UsWaWsu1496;UsWaRichland1691;USWaBellingham1358;UsWaSpokane1382;UsWaSpokane1144,11;93;81;17;83;101;60;66;57
17424,7883,2024-01-01 22:41:07,9,0.020751062780618668,0.08372422307729721,730;1644;1484;757;1496;1691;1358;1382;1144,UsMTMduglendive730;UsMtBillings1644;UsNdMdudickinson1484;UsMtMtu757;UsWaWsu1496;UsWaRichland1691;USWaBellingham1358;UsWaSpokane1382;UsWaSpokane1144,11;93;81;17;83;101;60;66;57
17525,7910,2024-01-01 22:41:34,9,0.02019645646214485,0.046582601964473724,730;1644;1484;757;1496;1691;1358;1382;1144,UsMTMduglendive730;UsMtBillings1644;UsNdMdudickinson1484;UsMtMtu757;UsWaWsu1496;UsWaRichland1691;USWaBellingham1358;UsWaSpokane1382;UsWaSpokane1144,11;93;81;17;83;101;60;66;57
13020,6457,2024-01-01 22:17:21,9,0.018883658573031425,0.053075212985277176,730;1644;1484;757;1496;1691;1358;1382;1144,UsMTMduglendive730;UsMtBillings1644;UsNdMdudickinson1484;UsMtMtu757;UsWaWsu1496;UsWaRichland1691;USWaBellingham1358;UsWaSpokane1382;UsWaSpokane1144,11;93;81;17;83;101;60;66;57
17442,7888,2024-01-01 22:41:12,9,0.018152233213186264,0.057839907705783844,730;1644;1484;757;1496;1691;1358;1382;1144,UsMTMduglendive730;UsMtBillings1644;UsNdMdudickinson1484;UsMtMtu757;UsWaWsu1496;UsWaRichland1691;USWaBellingham1358;UsWaSpokane1382;UsWaSpokane1144,11;93;81;17;83;101;60;66;57
17433,7886,2024-01-01 22:41:10,9,0.017585577443242073,0.046905308961868286,730;1644;1484;757;1496;1691;1358;1382;1144,UsMTMduglendive730;UsMtBillings1644;UsNdMdudickinson1484;UsMtMtu757;UsWaWsu1496;UsWaRichland1691;USWaBellingham1358;UsWaSpokane1382;UsWaSpokane1144,11;93;81;17;83;101;60;66;57
17529,7911,2024-01-01 22:41:35,9,0.01749260537326336,0.034719083458185196,730;1644;1484;757;1496;1691;1358;1382;1144,UsMTMduglendive730;UsMtBillings1644;UsNdMdudickinson1484;UsMtMtu757;UsWaWsu1496;UsWaRichland1691;USWaBellingham1358;UsWaSpokane1382;UsWaSpokane1144,11;93;81;17;83;101;60;66;57
13025,6458,2024-01-01 22:17:22,9,0.0165327787399292,0.04232640191912651,730;1644;1484;757;1496;1691;1358;1382;1144,UsMTMduglendive730;UsMtBillings1644;UsNdMdudickinson1484;UsMtMtu757;UsWaWsu1496;UsWaRichland1691;USWaBellingham1358;UsWaSpokane1382;UsWaSpokane1144,11;93;81;17;83;101;60;66;57
16991,7778,2024-01-01 22:39:22,9,0.016002042219042778,0.045714426785707474,730;1644;1484;757;1496;1691;1358;1382;1144,UsMTMduglendive730;UsMtBillings1644;UsNdMdudickinson1484;UsMtMtu757;UsWaWsu1496;UsWaRichland1691;USWaBellingham1358;UsWaSpokane1382;UsWaSpokane1144,11;93;81;17;83;101;60;66;57
17457,7892,2024-01-01 22:41:16,9,0.015154040418565273,0.019064512103796005,730;1644;1484;757;1496;1691;1358;1382;1144,UsMTMduglendive730;UsMtBillings1644;UsNdMdudickinson1484;UsMtMtu757;UsWaWsu1496;UsWaRichland1691;USWaBellingham1358;UsWaSpokane1382;UsWaSpokane1144,11;93;81;17;83;101;60;66;57
17430,7885,2024-01-01 22:41:09,9,0.013968714512884617,0.01950492523610592,730;1644;1484;757;1496;1691;1358;1382;1144,UsMTMduglendive730;UsMtBillings1644;UsNdMdudickinson1484;UsMtMtu757;UsWaWsu1496;UsWaRichland1691;USWaBellingham1358;UsWaSpokane1382;UsWaSpokane1144,11;93;81;17;83;101;60;66;57
12435,6215,2024-01-01 22:13:19,8,0.041119061410427094,0.15643583238124847,726;1644;757;1382;871;1144;1484;730,UsNdMduwilliston726;UsMtBillings1644;UsMtMtu757;UsWaSpokane1382;UsWaCentralia871;UsWaSpokane1144;UsNdMdudickinson1484;UsMTMduglendive730,10;93;17;66;29;57;81;11
12504,6231,2024-01-01 22:13:35,8,0.039926476776599884,0.15276722609996796,726;1484;730;757;1382;1358;871;1144,UsNdMduwilliston726;UsNdMdudickinson1484;UsMTMduglendive730;UsMtMtu757;UsWaSpokane1382;USWaBellingham1358;UsWaCentralia871;UsWaSpokane1144,10;81;11;17;66;60;29;57
13634,6658,2024-01-01 22:20:42,8,0.0398075170814991,0.19865483045578003,730;1644;1484;757;1382;1691;1358;1144,UsMTMduglendive730;UsMtBillings1644;UsNdMdudickinson1484;UsMtMtu757;UsWaSpokane1382;UsWaRichland1691;USWaBellingham1358;UsWaSpokane1144,11;93;81;17;66;101;60;57
12450,6219,2024-01-01 22:13:23,8,0.03951765596866608,0.15002505481243134,726;1644;757;1144;1358;871;1484;730,UsNdMduwilliston726;UsMtBillings1644;UsMtMtu757;UsWaSpokane1144;USWaBellingham1358;UsWaCentralia871;UsNdMdudickinson1484;UsMTMduglendive730,10;93;17;57;60;29;81;11
17046,7794,2024-01-01 22:39:38,8,0.038997627794742584,0.20510001480579376,730;1644;1484;757;1382;1691;1358;1144,UsMTMduglendive730;UsMtBillings1644;UsNdMdudickinson1484;UsMtMtu757;UsWaSpokane1382;UsWaRichland1691;USWaBellingham1358;UsWaSpokane1144,11;93;81;17;66;101;60;57
14080,6844,2024-01-01 22:23:48,8,0.03876844793558121,0.18088872730731964,726;1644;757;1382;1358;1144;1484;730,UsNdMduwilliston726;UsMtBillings1644;UsMtMtu757;UsWaSpokane1382;USWaBellingham1358;UsWaSpokane1144;UsNdMdudickinson1484;UsMTMduglendive730,10;93;17;66;60;57;81;11
12443,6217,2024-01-01 22:13:21,8,0.038610413670539856,0.13174408674240112,726;1644;757;1382;871;1144;1484;730,UsNdMduwilliston726;UsMtBillings1644;UsMtMtu757;UsWaSpokane1382;UsWaCentralia871;UsWaSpokane1144;UsNdMdudickinson1484;UsMTMduglendive730,10;93;17;66;29;57;81;11
17260,7845,2024-01-01 22:40:29,8,0.03788118064403534,0.2002371847629547,730;1644;1484;757;1382;1691;1358;1144,UsMTMduglendive730;UsMtBillings1644;UsNdMdudickinson1484;UsMtMtu757;UsWaSpokane1382;UsWaRichland1691;USWaBellingham1358;UsWaSpokane1144,11;93;81;17;66;101;60;57
17235,7840,2024-01-01 22:40:24,8,0.0374622642993927,0.1985001116991043,730;1644;1484;757;1382;1691;1358;1144,UsMTMduglendive730;UsMtBillings1644;UsNdMdudickinson1484;UsMtMtu757;UsWaSpokane1382;UsWaRichland1691;USWaBellingham1358;UsWaSpokane1144,11;93;81;17;66;101;60;57
12527,6236,2024-01-01 22:13:40,8,0.03736928850412369,0.14889660477638245,726;1484;730;757;1382;1358;871;1144,UsNdMduwilliston726;UsNdMdudickinson1484;UsMTMduglendive730;UsMtMtu757;UsWaSpokane1382;USWaBellingham1358;UsWaCentralia871;UsWaSpokane1144,10;81;11;17;66;60;29;57
12844,6387,2024-01-01 22:16:11,8,0.037330079823732376,0.19733484089374542,730;1644;1484;757;1382;1691;1358;1144,UsMTMduglendive730;UsMtBillings1644;UsNdMdudickinson1484;UsMtMtu757;UsWaSpokane1382;UsWaRichland1691;USWaBellingham1358;UsWaSpokane1144,11;93;81;17;66;101;60;57
12843,6386,2024-01-01 22:16:10,8,0.03699375316500664,0.20327894389629364,730;1644;1484;757;1382;1691;1358;1144,UsMTMduglendive730;UsMtBillings1644;UsNdMdudickinson1484;UsMtMtu757;UsWaSpokane1382;UsWaRichland1691;USWaBellingham1358;UsWaSpokane1144,11;93;81;17;66;101;60;57
14823,7074,2024-01-01 22:27:38,8,0.03682751581072807,0.1810271143913269,730;1484;970;764;757;1382;1358;1144,UsMTMduglendive730;UsNdMdudickinson1484;UsSdRapidcity970;UsCoGolden764;UsMtMtu757;UsWaSpokane1382;USWaBellingham1358;UsWaSpokane1144,11;81;43;18;17;66;60;57
12677,6304,2024-01-01 22:14:48,8,0.03678238391876221,0.18093329668045044,730;1644;1484;757;1382;1691;1358;1144,UsMTMduglendive730;UsMtBillings1644;UsNdMdudickinson1484;UsMtMtu757;UsWaSpokane1382;UsWaRichland1691;USWaBellingham1358;UsWaSpokane1144,11;93;81;17;66;101;60;57
12533,6237,2024-01-01 22:13:41,8,0.036595627665519714,0.13361410796642303,726;1484;730;757;1382;1358;871;1144,UsNdMduwilliston726;UsNdMdudickinson1484;UsMTMduglendive730;UsMtMtu757;UsWaSpokane1382;USWaBellingham1358;UsWaCentralia871;UsWaSpokane1144,10;81;11;17;66;60;29;57
17624,7939,2024-01-01 22:42:03,8,0.03643732890486717,0.18464362621307373,730;1484;757;1496;1691;1358;1382;1144,UsMTMduglendive730;UsNdMdudickinson1484;UsMtMtu757;UsWaWsu1496;UsWaRichland1691;USWaBellingham1358;UsWaSpokane1382;UsWaSpokane1144,11;81;17;83;101;60;66;57
13630,6656,2024-01-01 22:20:40,8,0.03637908399105072,0.18084125220775604,730;1644;1484;757;1382;1691;1358;1144,UsMTMduglendive730;UsMtBillings1644;UsNdMdudickinson1484;UsMtMtu757;UsWaSpokane1382;UsWaRichland1691;USWaBellingham1358;UsWaSpokane1144,11;93;81;17;66;101;60;57
16985,7776,2024-01-01 22:39:20,8,0.03626852110028267,0.19195091724395752,730;1644;757;1496;1691;1358;1382;1144,UsMTMduglendive730;UsMtBillings1644;UsMtMtu757;UsWaWsu1496;UsWaRichland1691;USWaBellingham1358;UsWaSpokane1382;UsWaSpokane1144,11;93;17;83;101;60;66;57
12543,6240,2024-01-01 22:13:44,8,0.03586208075284958,0.13427849113941193,726;1484;730;757;1382;1358;871;1144,UsNdMduwilliston726;UsNdMdudickinson1484;UsMTMduglendive730;UsMtMtu757;UsWaSpokane1382;USWaBellingham1358;UsWaCentralia871;UsWaSpokane1144,10;81;11;17;66;60;29;57
16752,7681,2024-01-01 22:37:45,8,0.03586132824420929,0.19605585932731628,730;1644;1484;757;1382;1691;1358;1144,UsMTMduglendive730;UsMtBillings1644;UsNdMdudickinson1484;UsMtMtu757;UsWaSpokane1382;UsWaRichland1691;USWaBellingham1358;UsWaSpokane1144,11;93;81;17;66;101;60;57
17255,7844,2024-01-01 22:40:28,8,0.03578086942434311,0.17922210693359375,730;1644;1484;757;1382;1691;1358;1144,UsMTMduglendive730;UsMtBillings1644;UsNdMdudickinson1484;UsMtMtu757;UsWaSpokane1382;UsWaRichland1691;USWaBellingham1358;UsWaSpokane1144,11;93;81;17;66;101;60;57
18231,8136,2024-01-01 22:45:20,8,0.03571544960141182,0.18417277932167053,730;1644;1484;757;1382;1691;1358;1144,UsMTMduglendive730;UsMtBillings1644;UsNdMdudickinson1484;UsMtMtu757;UsWaSpokane1382;UsWaRichland1691;USWaBellingham1358;UsWaSpokane1144,11;93;81;17;66;101;60;57
12694,6313,2024-01-01 22:14:57,8,0.03565164655447006,0.16622500121593475,730;1644;1484;757;1496;1358;1382;1144,UsMTMduglendive730;UsMtBillings1644;UsNdMdudickinson1484;UsMtMtu757;UsWaWsu1496;USWaBellingham1358;UsWaSpokane1382;UsWaSpokane1144,11;93;81;17;83;60;66;57
13414,6598,2024-01-01 22:19:42,8,0.035491809248924255,0.18331539630889893,730;1644;1484;757;1382;1691;1358;1144,UsMTMduglendive730;UsMtBillings1644;UsNdMdudickinson1484;UsMtMtu757;UsWaSpokane1382;UsWaRichland1691;USWaBellingham1358;UsWaSpokane1144,11;93;81;17;66;101;60;57
17767,7973,2024-01-01 22:42:37,8,0.03533203899860382,0.18584756553173065,730;1484;757;1496;1691;1358;1382;1144,UsMTMduglendive730;UsNdMdudickinson1484;UsMtMtu757;UsWaWsu1496;UsWaRichland1691;USWaBellingham1358;UsWaSpokane1382;UsWaSpokane1144,11;81;17;83;101;60;66;57
12692,6312,2024-01-01 22:14:56,8,0.03483768552541733,0.16387316584587097,730;1644;1484;757;1496;1358;1382;1144,UsMTMduglendive730;UsMtBillings1644;UsNdMdudickinson1484;UsMtMtu757;UsWaWsu1496;USWaBellingham1358;UsWaSpokane1382;UsWaSpokane1144,11;93;81;17;83;60;66;57
18215,8130,2024-01-01 22:45:14,8,0.03464699909090996,0.19350995123386383,726;730;757;1496;1691;1358;1382;1144,UsNdMduwilliston726;UsMTMduglendive730;UsMtMtu757;UsWaWsu1496;UsWaRichland1691;USWaBellingham1358;UsWaSpokane1382;UsWaSpokane1144,10;11;17;83;101;60;66;57
12509,6232,2024-01-01 22:13:36,8,0.03381166234612465,0.10916806757450104,726;1484;730;757;1382;1358;871;1144,UsNdMduwilliston726;UsNdMdudickinson1484;UsMTMduglendive730;UsMtMtu757;UsWaSpokane1382;USWaBellingham1358;UsWaCentralia871;UsWaSpokane1144,10;81;11;17;66;60;29;57
17240,7841,2024-01-01 22:40:25,8,0.033672504127025604,0.16366741061210632,730;1644;1484;757;1382;1691;1358;1144,UsMTMduglendive730;UsMtBillings1644;UsNdMdudickinson1484;UsMtMtu757;UsWaSpokane1382;UsWaRichland1691;USWaBellingham1358;UsWaSpokane1144,11;93;81;17;66;101;60;57
12484,6226,2024-01-01 22:13:30,8,0.03340400010347366,0.0893721953034401,726;1484;730;757;1382;1358;871;1144,UsNdMduwilliston726;UsNdMdudickinson1484;UsMTMduglendive730;UsMtMtu757;UsWaSpokane1382;USWaBellingham1358;UsWaCentralia871;UsWaSpokane1144,10;81;11;17;66;60;29;57
17156,7821,2024-01-01 22:40:05,8,0.03296781703829765,0.13837988674640656,730;1644;1484;757;1382;1691;1358;1144,UsMTMduglendive730;UsMtBillings1644;UsNdMdudickinson1484;UsMtMtu757;UsWaSpokane1382;UsWaRichland1691;USWaBellingham1358;UsWaSpokane1144,11;93;81;17;66;101;60;57
17676,7952,2024-01-01 22:42:16,8,0.03293253481388092,0.16419672966003418,757;1644;1484;1496;1691;1358;1382;1144,UsMtMtu757;UsMtBillings1644;UsNdMdudickinson1484;UsWaWsu1496;UsWaRichland1691;USWaBellingham1358;UsWaSpokane1382;UsWaSpokane1144,17;93;81;83;101;60;66;57
12696,6314,2024-01-01 22:14:58,8,0.032701101154088974,0.14498183131217957,730;1644;1484;757;1496;1358;1382;1144,UsMTMduglendive730;UsMtBillings1644;UsNdMdudickinson1484;UsMtMtu757;UsWaWsu1496;USWaBellingham1358;UsWaSpokane1382;UsWaSpokane1144,11;93;81;17;83;60;66;57
12479,6225,2024-01-01 22:13:29,8,0.03257710114121437,0.08725866675376892,726;1484;730;757;1382;1358;871;1144,UsNdMduwilliston726;UsNdMdudickinson1484;UsMTMduglendive730;UsMtMtu757;UsWaSpokane1382;USWaBellingham1358;UsWaCentralia871;UsWaSpokane1144,10;81;11;17;66;60;29;57
17591,7927,2024-01-01 22:41:51,8,0.032371886074543,0.1527017205953598,730;1644;1484;757;1382;1691;1358;1144,UsMTMduglendive730;UsMtBillings1644;UsNdMdudickinson1484;UsMtMtu757;UsWaSpokane1382;UsWaRichland1691;USWaBellingham1358;UsWaSpokane1144,11;93;81;17;66;101;60;57
13413,6597,2024-01-01 22:19:41,8,0.03221157565712929,0.1599118858575821,730;1644;1484;757;1382;1691;1358;1144,UsMTMduglendive730;UsMtBillings1644;UsNdMdudickinson1484;UsMtMtu757;UsWaSpokane1382;UsWaRichland1691;USWaBellingham1358;UsWaSpokane1144,11;93;81;17;66;101;60;57
13416,6600,2024-01-01 22:19:44,8,0.03193841502070427,0.15229885280132294,730;1644;1484;757;1382;1691;1358;1144,UsMTMduglendive730;UsMtBillings1644;UsNdMdudickinson1484;UsMtMtu757;UsWaSpokane1382;UsWaRichland1691;USWaBellingham1358;UsWaSpokane1144,11;93;81;17;66;101;60;57
13415,6599,2024-01-01 22:19:43,8,0.031937744468450546,0.14400368928909302,730;1644;1484;757;1382;1691;1358;1144,UsMTMduglendive730;UsMtBillings1644;UsNdMdudickinson1484;UsMtMtu757;UsWaSpokane1382;UsWaRichland1691;USWaBellingham1358;UsWaSpokane1144,11;93;81;17;66;101;60;57
17983,8047,2024-01-01 22:43:51,8,0.03173500671982765,0.16339483857154846,730;1644;1484;757;1382;1691;1358;1144,UsMTMduglendive730;UsMtBillings1644;UsNdMdudickinson1484;UsMtMtu757;UsWaSpokane1382;UsWaRichland1691;USWaBellingham1358;UsWaSpokane1144,11;93;81;17;66;101;60;57
16821,7706,2024-01-01 22:38:10,8,0.03162846341729164,0.144173726439476,730;1644;1484;757;1496;1691;1382;1144,UsMTMduglendive730;UsMtBillings1644;UsNdMdudickinson1484;UsMtMtu757;UsWaWsu1496;UsWaRichland1691;UsWaSpokane1382;UsWaSpokane1144,11;93;81;17;83;101;66;57
12536,6238,2024-01-01 22:13:42,8,0.03152799233794212,0.09306546300649643,726;1484;730;757;1382;1358;871;1144,UsNdMduwilliston726;UsNdMdudickinson1484;UsMTMduglendive730;UsMtMtu757;UsWaSpokane1382;USWaBellingham1358;UsWaCentralia871;UsWaSpokane1144,10;81;11;17;66;60;29;57
12492,6228,2024-01-01 22:13:32,8,0.031203825026750565,0.0816529169678688,726;1484;730;757;1382;1358;871;1144,UsNdMduwilliston726;UsNdMdudickinson1484;UsMTMduglendive730;UsMtMtu757;UsWaSpokane1382;USWaBellingham1358;UsWaCentralia871;UsWaSpokane1144,10;81;11;17;66;60;29;57
17230,7839,2024-01-01 22:40:23,8,0.030888250097632408,0.13929928839206696,730;1644;1484;757;1382;1691;1358;1144,UsMTMduglendive730;UsMtBillings1644;UsNdMdudickinson1484;UsMtMtu757;UsWaSpokane1382;UsWaRichland1691;USWaBellingham1358;UsWaSpokane1144,11;93;81;17;66;101;60;57
16828,7712,2024-01-01 22:38:16,8,0.03084653429687023,0.14268095791339874,730;1644;1484;757;1496;1691;1382;1144,UsMTMduglendive730;UsMtBillings1644;UsNdMdudickinson1484;UsMtMtu757;UsWaWsu1496;UsWaRichland1691;UsWaSpokane1382;UsWaSpokane1144,11;93;81;17;83;101;66;57
13247,6546,2024-01-01 22:18:50,8,0.030797041952610016,0.1421968638896942,730;1644;1484;757;1382;1691;1358;1144,UsMTMduglendive730;UsMtBillings1644;UsNdMdudickinson1484;UsMtMtu757;UsWaSpokane1382;UsWaRichland1691;USWaBellingham1358;UsWaSpokane1144,11;93;81;17;66;101;60;57
12841,6384,2024-01-01 22:16:08,8,0.03030538745224476,0.14971433579921722,730;1644;1484;757;1382;1691;1358;1144,UsMTMduglendive730;UsMtBillings1644;UsNdMdudickinson1484;UsMtMtu757;UsWaSpokane1382;UsWaRichland1691;USWaBellingham1358;UsWaSpokane1144,11;93;81;17;66;101;60;57
12690,6311,2024-01-01 22:14:55,8,0.030093174427747726,0.13351722061634064,730;1644;1484;757;1496;1358;1382;1144,UsMTMduglendive730;UsMtBillings1644;UsNdMdudickinson1484;UsMtMtu757;UsWaWsu1496;USWaBellingham1358;UsWaSpokane1382;UsWaSpokane1144,11;93;81;17;83;60;66;57
17719,7962,2024-01-01 22:42:26,8,0.030084267258644104,0.13948456943035126,730;1484;757;1496;1691;1358;1382;1144,UsMTMduglendive730;UsNdMdudickinson1484;UsMtMtu757;UsWaWsu1496;UsWaRichland1691;USWaBellingham1358;UsWaSpokane1382;UsWaSpokane1144,11;81;17;83;101;60;66;57
12519,6234,2024-01-01 22:13:38,8,0.02976224385201931,0.07611437141895294,726;1484;730;757;1382;1358;871;1144,UsNdMduwilliston726;UsNdMdudickinson1484;UsMTMduglendive730;UsMtMtu757;UsWaSpokane1382;USWaBellingham1358;UsWaCentralia871;UsWaSpokane1144,10;81;11;17;66;60;29;57
18359,8183,2024-01-01 22:46:07,8,0.029731303453445435,0.12309861183166504,726;1484;730;757;1382;1691;1358;1144,UsNdMduwilliston726;UsNdMdudickinson1484;UsMTMduglendive730;UsMtMtu757;UsWaSpokane1382;UsWaRichland1691;USWaBellingham1358;UsWaSpokane1144,10;81;11;17;66;101;60;57
13471,6619,2024-01-01 22:20:03,8,0.029703695327043533,0.11249586939811707,730;1644;1484;757;1382;1691;1358;1144,UsMTMduglendive730;UsMtBillings1644;UsNdMdudickinson1484;UsMtMtu757;UsWaSpokane1382;UsWaRichland1691;USWaBellingham1358;UsWaSpokane1144,11;93;81;17;66;101;60;57
17576,7923,2024-01-01 22:41:47,8,0.029524635523557663,0.12644460797309875,730;1644;1484;757;1382;1691;1358;1144,UsMTMduglendive730;UsMtBillings1644;UsNdMdudickinson1484;UsMtMtu757;UsWaSpokane1382;UsWaRichland1691;USWaBellingham1358;UsWaSpokane1144,11;93;81;17;66;101;60;57
15693,7344,2024-01-01 22:32:08,8,0.02898799628019333,0.14599701762199402,726;1644;757;1496;1358;1382;1144;1484,UsNdMduwilliston726;UsMtBillings1644;UsMtMtu757;UsWaWsu1496;USWaBellingham1358;UsWaSpokane1382;UsWaSpokane1144;UsNdMdudickinson1484,10;93;17;83;60;66;57;81
14089,6849,2024-01-01 22:23:53,8,0.02888515219092369,0.10539039224386215,726;1644;757;1382;1358;1144;1484;730,UsNdMduwilliston726;UsMtBillings1644;UsMtMtu757;UsWaSpokane1382;USWaBellingham1358;UsWaSpokane1144;UsNdMdudickinson1484;UsMTMduglendive730,10;93;17;66;60;57;81;11
18338,8173,2024-01-01 22:45:57,8,0.02887209877371788,0.10915589332580566,730;1484;757;1496;1691;1358;1382;1144,UsMTMduglendive730;UsNdMdudickinson1484;UsMtMtu757;UsWaWsu1496;UsWaRichland1691;USWaBellingham1358;UsWaSpokane1382;UsWaSpokane1144,11;81;17;83;101;60;66;57
12688,6310,2024-01-01 22:14:54,8,0.028829827904701233,0.13026921451091766,730;1644;1484;757;1496;1358;1382;1144,UsMTMduglendive730;UsMtBillings1644;UsNdMdudickinson1484;UsMtMtu757;UsWaWsu1496;USWaBellingham1358;UsWaSpokane1382;UsWaSpokane1144,11;93;81;17;83;60;66;57
13637,6659,2024-01-01 22:20:43,8,0.028758209198713303,0.11385871469974518,730;1644;1484;757;1382;1691;1358;1144,UsMTMduglendive730;UsMtBillings1644;UsNdMdudickinson1484;UsMtMtu757;UsWaSpokane1382;UsWaRichland1691;USWaBellingham1358;UsWaSpokane1144,11;93;81;17;66;101;60;57
17724,7963,2024-01-01 22:42:27,8,0.028724243864417076,0.12820501625537872,730;1484;757;1496;1691;1358;1382;1144,UsMTMduglendive730;UsNdMdudickinson1484;UsMtMtu757;UsWaWsu1496;UsWaRichland1691;USWaBellingham1358;UsWaSpokane1382;UsWaSpokane1144,11;81;17;83;101;60;66;57
17159,7822,2024-01-01 22:40:06,8,0.02867562510073185,0.09644266217947006,730;1644;1484;757;1382;1691;1358;1144,UsMTMduglendive730;UsMtBillings1644;UsNdMdudickinson1484;UsMtMtu757;UsWaSpokane1382;UsWaRichland1691;USWaBellingham1358;UsWaSpokane1144,11;93;81;17;66;101;60;57
13029,6459,2024-01-01 22:17:23,8,0.028667839244008064,0.11478610336780548,730;1484;757;1496;1691;1358;1382;1144,UsMTMduglendive730;UsNdMdudickinson1484;UsMtMtu757;UsWaWsu1496;UsWaRichland1691;USWaBellingham1358;UsWaSpokane1382;UsWaSpokane1144,11;81;17;83;101;60;66;57
12432,6214,2024-01-01 22:13:18,8,0.028646940365433693,0.05597032979130745,726;1644;757;1382;871;1144;1484;730,UsNdMduwilliston726;UsMtBillings1644;UsMtMtu757;UsWaSpokane1382;UsWaCentralia871;UsWaSpokane1144;UsNdMdudickinson1484;UsMTMduglendive730,10;93;17;66;29;57;81;11
14060,6835,2024-01-01 22:23:39,8,0.02858499437570572,0.10765383392572403,730;1644;1484;757;1382;1691;1358;1144,UsMTMduglendive730;UsMtBillings1644;UsNdMdudickinson1484;UsMtMtu757;UsWaSpokane1382;UsWaRichland1691;USWaBellingham1358;UsWaSpokane1144,11;93;81;17;66;101;60;57
12524,6235,2024-01-01 22:13:39,8,0.028476770967245102,0.07536482810974121,726;1484;730;757;1382;1358;871;1144,UsNdMduwilliston726;UsNdMdudickinson1484;UsMTMduglendive730;UsMtMtu757;UsWaSpokane1382;USWaBellingham1358;UsWaCentralia871;UsWaSpokane1144,10;81;11;17;66;60;29;57
13439,6611,2024-01-01 22:19:55,8,0.028326932340860367,0.12961332499980927,730;1644;1484;757;1382;1691;1358;1144,UsMTMduglendive730;UsMtBillings1644;UsNdMdudickinson1484;UsMtMtu757;UsWaSpokane1382;UsWaRichland1691;USWaBellingham1358;UsWaSpokane1144,11;93;81;17;66;101;60;57
12616,6274,2024-01-01 22:14:18,8,0.02768467366695404,0.13081686198711395,730;1644;1484;757;1496;1358;1382;1144,UsMTMduglendive730;UsMtBillings1644;UsNdMdudickinson1484;UsMtMtu757;UsWaWsu1496;USWaBellingham1358;UsWaSpokane1382;UsWaSpokane1144,11;93;81;17;83;60;66;57
13776,6741,2024-01-01 22:22:05,8,0.02764812298119068,0.13592693209648132,730;970;764;757;1496;1358;1382;1144,UsMTMduglendive730;UsSdRapidcity970;UsCoGolden764;UsMtMtu757;UsWaWsu1496;USWaBellingham1358;UsWaSpokane1382;UsWaSpokane1144,11;43;18;17;83;60;66;57
13442,6612,2024-01-01 22:19:56,8,0.027583761140704155,0.12292828410863876,730;1644;1484;757;1382;1691;1358;1144,UsMTMduglendive730;UsMtBillings1644;UsNdMdudickinson1484;UsMtMtu757;UsWaSpokane1382;UsWaRichland1691;USWaBellingham1358;UsWaSpokane1144,11;93;81;17;66;101;60;57
17003,7782,2024-01-01 22:39:26,8,0.02743642032146454,0.12342042475938797,730;1484;757;1496;1691;1358;1382;1144,UsMTMduglendive730;UsNdMdudickinson1484;UsMtMtu757;UsWaWsu1496;UsWaRichland1691;USWaBellingham1358;UsWaSpokane1382;UsWaSpokane1144,11;81;17;83;101;60;66;57
17265,7846,2024-01-01 22:40:30,8,0.027314040809869766,0.11675836890935898,730;1644;1484;757;1382;1691;1358;1144,UsMTMduglendive730;UsMtBillings1644;UsNdMdudickinson1484;UsMtMtu757;UsWaSpokane1382;UsWaRichland1691;USWaBellingham1358;UsWaSpokane1144,11;93;81;17;66;101;60;57
12496,6229,2024-01-01 22:13:33,8,0.02704590931534767,0.04650057107210159,726;1484;730;757;1382;1358;871;1144,UsNdMduwilliston726;UsNdMdudickinson1484;UsMTMduglendive730;UsMtMtu757;UsWaSpokane1382;USWaBellingham1358;UsWaCentralia871;UsWaSpokane1144,10;81;11;17;66;60;29;57
14997,7129,2024-01-01 22:28:33,8,0.02676353231072426,0.08884537220001221,730;1644;1484;757;1496;1358;1382;1144,UsMTMduglendive730;UsMtBillings1644;UsNdMdudickinson1484;UsMtMtu757;UsWaWsu1496;USWaBellingham1358;UsWaSpokane1382;UsWaSpokane1144,11;93;81;17;83;60;66;57
12439,6216,2024-01-01 22:13:20,8,0.02648051455616951,0.04776958376169205,726;1644;757;1382;871;1144;1484;730,UsNdMduwilliston726;UsMtBillings1644;UsMtMtu757;UsWaSpokane1382;UsWaCentralia871;UsWaSpokane1144;UsNdMdudickinson1484;UsMTMduglendive730,10;93;17;66;29;57;81;11
16761,7683,2024-01-01 22:37:47,8,0.02642511948943138,0.12010011076927185,730;1644;1484;757;1382;1691;1358;1144,UsMTMduglendive730;UsMtBillings1644;UsNdMdudickinson1484;UsMtMtu757;UsWaSpokane1382;UsWaRichland1691;USWaBellingham1358;UsWaSpokane1144,11;93;81;17;66;101;60;57
13483,6622,2024-01-01 22:20:06,8,0.026331085711717606,0.09391938149929047,730;1644;1484;757;1382;1691;1358;1144,UsMTMduglendive730;UsMtBillings1644;UsNdMdudickinson1484;UsMtMtu757;UsWaSpokane1382;UsWaRichland1691;USWaBellingham1358;UsWaSpokane1144,11;93;81;17;66;101;60;57
13467,6618,2024-01-01 22:20:02,8,0.026174254715442657,0.08486328274011612,730;1644;1484;757;1382;1691;1358;1144,UsMTMduglendive730;UsMtBillings1644;UsNdMdudickinson1484;UsMtMtu757;UsWaSpokane1382;UsWaRichland1691;USWaBellingham1358;UsWaSpokane1144,11;93;81;17;66;101;60;57
16696,7663,2024-01-01 22:37:27,8,0.0260248351842165,0.10465514659881592,730;970;764;757;1382;1691;1358;1144,UsMTMduglendive730;UsSdRapidcity970;UsCoGolden764;UsMtMtu757;UsWaSpokane1382;UsWaRichland1691;USWaBellingham1358;UsWaSpokane1144,11;43;18;17;66;101;60;57
16820,7705,2024-01-01 22:38:09,8,0.02601257711648941,0.09251025319099426,730;1644;1484;757;1496;1691;1382;1144,UsMTMduglendive730;UsMtBillings1644;UsNdMdudickinson1484;UsMtMtu757;UsWaWsu1496;UsWaRichland1691;UsWaSpokane1382;UsWaSpokane1144,11;93;81;17;83;101;66;57
15185,7189,2024-01-01 22:29:33,8,0.025817397981882095,0.07454095035791397,730;1644;1484;757;1496;1358;1382;1144,UsMTMduglendive730;UsMtBillings1644;UsNdMdudickinson1484;UsMtMtu757;UsWaWsu1496;USWaBellingham1358;UsWaSpokane1382;UsWaSpokane1144,11;93;81;17;83;60;66;57
12515,6233,2024-01-01 22:13:37,8,0.025583529844880104,0.04259520769119263,726;1484;730;757;1382;1358;871;1144,UsNdMduwilliston726;UsNdMdudickinson1484;UsMTMduglendive730;UsMtMtu757;UsWaSpokane1382;USWaBellingham1358;UsWaCentralia871;UsWaSpokane1144,10;81;11;17;66;60;29;57
17522,7909,2024-01-01 22:41:33,8,0.025532834231853485,0.08987019956111908,730;1644;1484;757;1382;1691;1358;1144,UsMTMduglendive730;UsMtBillings1644;UsNdMdudickinson1484;UsMtMtu757;UsWaSpokane1382;UsWaRichland1691;USWaBellingham1358;UsWaSpokane1144,11;93;81;17;66;101;60;57
16822,7707,2024-01-01 22:38:11,8,0.02549663558602333,0.09395994246006012,730;1644;1484;757;1496;1691;1382;1144,UsMTMduglendive730;UsMtBillings1644;UsNdMdudickinson1484;UsMtMtu757;UsWaWsu1496;UsWaRichland1691;UsWaSpokane1382;UsWaSpokane1144,11;93;81;17;83;101;66;57
16973,7772,2024-01-01 22:39:16,8,0.02538742497563362,0.11379648000001907,730;1484;757;1496;1691;1358;1382;1144,UsMTMduglendive730;UsNdMdudickinson1484;UsMtMtu757;UsWaWsu1496;UsWaRichland1691;USWaBellingham1358;UsWaSpokane1382;UsWaSpokane1144,11;81;17;83;101;60;66;57
17679,7953,2024-01-01 22:42:17,8,0.025287024676799774,0.1054537445306778,757;1644;1484;1496;1691;1358;1382;1144,UsMtMtu757;UsMtBillings1644;UsNdMdudickinson1484;UsWaWsu1496;UsWaRichland1691;USWaBellingham1358;UsWaSpokane1382;UsWaSpokane1144,17;93;81;83;101;60;66;57
14042,6830,2024-01-01 22:23:34,8,0.0249114278703928,0.09336608648300171,730;1644;1484;757;1382;1691;1358;1144,UsMTMduglendive730;UsMtBillings1644;UsNdMdudickinson1484;UsMtMtu757;UsWaSpokane1382;UsWaRichland1691;USWaBellingham1358;UsWaSpokane1144,11;93;81;17;66;101;60;57
15331,7232,2024-01-01 22:30:16,8,0.024814575910568237,0.07726936042308807,730;1644;1484;757;1496;1358;1382;1144,UsMTMduglendive730;UsMtBillings1644;UsNdMdudickinson1484;UsMtMtu757;UsWaWsu1496;USWaBellingham1358;UsWaSpokane1382;UsWaSpokane1144,11;93;81;17;83;60;66;57
12705,6318,2024-01-01 22:15:02,8,0.02474963665008545,0.09076777845621109,730;1644;1484;757;1382;1691;1358;1144,UsMTMduglendive730;UsMtBillings1644;UsNdMdudickinson1484;UsMtMtu757;UsWaSpokane1382;UsWaRichland1691;USWaBellingham1358;UsWaSpokane1144,11;93;81;17;66;101;60;57
12837,6380,2024-01-01 22:16:04,8,0.024716705083847046,0.1039750874042511,730;1484;757;1496;1691;1358;1382;1144,UsMTMduglendive730;UsNdMdudickinson1484;UsMtMtu757;UsWaWsu1496;UsWaRichland1691;USWaBellingham1358;UsWaSpokane1382;UsWaSpokane1144,11;81;17;83;101;60;66;57
12840,6383,2024-01-01 22:16:07,8,0.02432195097208023,0.10203789174556732,730;1644;757;1496;1691;1358;1382;1144,UsMTMduglendive730;UsMtBillings1644;UsMtMtu757;UsWaWsu1496;UsWaRichland1691;USWaBellingham1358;UsWaSpokane1382;UsWaSpokane1144,11;93;17;83;101;60;66;57
12489,6227,2024-01-01 22:13:31,8,0.024263493716716766,0.03296852111816406,726;1484;730;757;1382;1358;871;1144,UsNdMduwilliston726;UsNdMdudickinson1484;UsMTMduglendive730;UsMtMtu757;UsWaSpokane1382;USWaBellingham1358;UsWaCentralia871;UsWaSpokane1144,10;81;11;17;66;60;29;57
14992,7128,2024-01-01 22:28:32,8,0.024183649569749832,0.06437236070632935,730;1644;1484;757;1496;1358;1382;1144,UsMTMduglendive730;UsMtBillings1644;UsNdMdudickinson1484;UsMtMtu757;UsWaWsu1496;USWaBellingham1358;UsWaSpokane1382;UsWaSpokane1144,11;93;81;17;83;60;66;57
17629,7940,2024-01-01 22:42:04,8,0.02413858100771904,0.08579478412866592,730;1484;757;1496;1691;1358;1382;1144,UsMTMduglendive730;UsNdMdudickinson1484;UsMtMtu757;UsWaWsu1496;UsWaRichland1691;USWaBellingham1358;UsWaSpokane1382;UsWaSpokane1144,11;81;17;83;101;60;66;57
17588,7926,2024-01-01 22:41:50,8,0.024132849648594856,0.08228043466806412,730;1644;1484;757;1382;1691;1358;1144,UsMTMduglendive730;UsMtBillings1644;UsNdMdudickinson1484;UsMtMtu757;UsWaSpokane1382;UsWaRichland1691;USWaBellingham1358;UsWaSpokane1144,11;93;81;17;66;101;60;57
17697,7957,2024-01-01 22:42:21,8,0.02403072454035282,0.10145893692970276,757;1644;1484;1496;1691;1358;1382;1144,UsMtMtu757;UsMtBillings1644;UsNdMdudickinson1484;UsWaWsu1496;UsWaRichland1691;USWaBellingham1358;UsWaSpokane1382;UsWaSpokane1144,17;93;81;83;101;60;66;57
17461,7893,2024-01-01 22:41:17,8,0.023742273449897766,0.08433268964290619,730;1644;1484;757;1382;1691;1358;1144,UsMTMduglendive730;UsMtBillings1644;UsNdMdudickinson1484;UsMtMtu757;UsWaSpokane1382;UsWaRichland1691;USWaBellingham1358;UsWaSpokane1144,11;93;81;17;66;101;60;57
12551,6242,2024-01-01 22:13:46,8,0.0237075574696064,0.056282736361026764,730;1644;1484;757;1382;1358;871;1144,UsMTMduglendive730;UsMtBillings1644;UsNdMdudickinson1484;UsMtMtu757;UsWaSpokane1382;USWaBellingham1358;UsWaCentralia871;UsWaSpokane1144,11;93;81;17;66;60;29;57
17466,7894,2024-01-01 22:41:18,8,0.02359192632138729,0.07703100144863129,730;1644;1484;757;1382;1691;1358;1144,UsMTMduglendive730;UsMtBillings1644;UsNdMdudickinson1484;UsMtMtu757;UsWaSpokane1382;UsWaRichland1691;USWaBellingham1358;UsWaSpokane1144,11;93;81;17;66;101;60;57
16291,7523,2024-01-01 22:35:07,8,0.02308010496199131,0.08250981569290161,730;1644;1484;757;1496;1358;1382;1144,UsMTMduglendive730;UsMtBillings1644;UsNdMdudickinson1484;UsMtMtu757;UsWaWsu1496;USWaBellingham1358;UsWaSpokane1382;UsWaSpokane1144,11;93;81;17;83;60;66;57
12500,6230,2024-01-01 22:13:34,8,0.023066863417625427,0.031082846224308014,726;1484;730;757;1382;1358;871;1144,UsNdMduwilliston726;UsNdMdudickinson1484;UsMTMduglendive730;UsMtMtu757;UsWaSpokane1382;USWaBellingham1358;UsWaCentralia871;UsWaSpokane1144,10;81;11;17;66;60;29;57
17538,7913,2024-01-01 22:41:37,8,0.023030931130051613,0.08909803628921509,730;1644;1484;757;1382;1691;1358;1144,UsMTMduglendive730;UsMtBillings1644;UsNdMdudickinson1484;UsMtMtu757;UsWaSpokane1382;UsWaRichland1691;USWaBellingham1358;UsWaSpokane1144,11;93;81;17;66;101;60;57
17163,7823,2024-01-01 22:40:07,8,0.022383155301213264,0.07216911762952805,730;1644;1484;757;1382;1691;1358;1144,UsMTMduglendive730;UsMtBillings1644;UsNdMdudickinson1484;UsMtMtu757;UsWaSpokane1382;UsWaRichland1691;USWaBellingham1358;UsWaSpokane1144,11;93;81;17;66;101;60;57
14063,6836,2024-01-01 22:23:40,8,0.022110071033239365,0.06572442501783371,730;1644;1484;757;1382;1691;1358;1144,UsMTMduglendive730;UsMtBillings1644;UsNdMdudickinson1484;UsMtMtu757;UsWaSpokane1382;UsWaRichland1691;USWaBellingham1358;UsWaSpokane1144,11;93;81;17;66;101;60;57
17978,8045,2024-01-01 22:43:49,8,0.022074341773986816,0.07994537800550461,730;1644;757;1496;1691;1358;1382;1144,UsMTMduglendive730;UsMtBillings1644;UsMtMtu757;UsWaWsu1496;UsWaRichland1691;USWaBellingham1358;UsWaSpokane1382;UsWaSpokane1144,11;93;17;83;101;60;66;57
14983,7126,2024-01-01 22:28:30,8,0.02200676128268242,0.04696379974484444,730;1644;1484;757;1496;1358;1382;1144,UsMTMduglendive730;UsMtBillings1644;UsNdMdudickinson1484;UsMtMtu757;UsWaWsu1496;USWaBellingham1358;UsWaSpokane1382;UsWaSpokane1144,11;93;81;17;83;60;66;57
17827,7989,2024-01-01 22:42:53,8,0.021905208006501198,0.06502261757850647,730;1644;1484;757;1382;1691;1358;1144,UsMTMduglendive730;UsMtBillings1644;UsNdMdudickinson1484;UsMtMtu757;UsWaSpokane1382;UsWaRichland1691;USWaBellingham1358;UsWaSpokane1144,11;93;81;17;66;101;60;57
14053,6833,2024-01-01 22:23:37,8,0.021848008036613464,0.06083983555436134,730;1644;1484;757;1382;1691;1358;1144,UsMTMduglendive730;UsMtBillings1644;UsNdMdudickinson1484;UsMtMtu757;UsWaSpokane1382;UsWaRichland1691;USWaBellingham1358;UsWaSpokane1144,11;93;81;17;66;101;60;57
12842,6385,2024-01-01 22:16:09,8,0.021826263517141342,0.07975567877292633,730;1644;757;1496;1691;1358;1382;1144,UsMTMduglendive730;UsMtBillings1644;UsMtMtu757;UsWaWsu1496;UsWaRichland1691;USWaBellingham1358;UsWaSpokane1382;UsWaSpokane1144,11;93;17;83;101;60;66;57
12821,6370,2024-01-01 22:15:54,8,0.02177131175994873,0.07479649037122726,730;1644;1484;757;1382;1691;1358;1144,UsMTMduglendive730;UsMtBillings1644;UsNdMdudickinson1484;UsMtMtu757;UsWaSpokane1382;UsWaRichland1691;USWaBellingham1358;UsWaSpokane1144,11;93;81;17;66;101;60;57
13447,6613,2024-01-01 22:19:57,8,0.021326415240764618,0.05706765875220299,730;1644;1484;757;1382;1691;1358;1144,UsMTMduglendive730;UsMtBillings1644;UsNdMdudickinson1484;UsMtMtu757;UsWaSpokane1382;UsWaRichland1691;USWaBellingham1358;UsWaSpokane1144,11;93;81;17;66;101;60;57
17179,7827,2024-01-01 22:40:11,8,0.021274229511618614,0.05641010403633118,730;1644;1484;757;1382;1691;1358;1144,UsMTMduglendive730;UsMtBillings1644;UsNdMdudickinson1484;UsMtMtu757;UsWaSpokane1382;UsWaRichland1691;USWaBellingham1358;UsWaSpokane1144,11;93;81;17;66;101;60;57
14836,7079,2024-01-01 22:27:43,8,0.02098710834980011,0.03359050303697586,730;1644;1484;757;1382;1691;1358;1144,UsMTMduglendive730;UsMtBillings1644;UsNdMdudickinson1484;UsMtMtu757;UsWaSpokane1382;UsWaRichland1691;USWaBellingham1358;UsWaSpokane1144,11;93;81;17;66;101;60;57
17286,7850,2024-01-01 22:40:34,8,0.020802205428481102,0.07192450761795044,730;1644;1484;757;1382;1691;1358;1144,UsMTMduglendive730;UsMtBillings1644;UsNdMdudickinson1484;UsMtMtu757;UsWaSpokane1382;UsWaRichland1691;USWaBellingham1358;UsWaSpokane1144,11;93;81;17;66;101;60;57
17701,7958,2024-01-01 22:42:22,8,0.020799770951271057,0.07217827439308167,730;1484;757;1496;1691;1358;1382;1144,UsMTMduglendive730;UsNdMdudickinson1484;UsMtMtu757;UsWaWsu1496;UsWaRichland1691;USWaBellingham1358;UsWaSpokane1382;UsWaSpokane1144,11;81;17;83;101;60;66;57
18336,8172,2024-01-01 22:45:56,8,0.020596818998456,0.05005931854248047,730;1484;757;1496;1691;1358;1382;1144,UsMTMduglendive730;UsNdMdudickinson1484;UsMtMtu757;UsWaWsu1496;UsWaRichland1691;USWaBellingham1358;UsWaSpokane1382;UsWaSpokane1144,11;81;17;83;101;60;66;57
16943,7761,2024-01-01 22:39:05,8,0.02053365483880043,0.06997503340244293,730;1644;757;1496;1691;1358;1382;1144,UsMTMduglendive730;UsMtBillings1644;UsMtMtu757;UsWaWsu1496;UsWaRichland1691;USWaBellingham1358;UsWaSpokane1382;UsWaSpokane1144,11;93;17;83;101;60;66;57
13436,6610,2024-01-01 22:19:54,8,0.020012233406305313,0.0568588525056839,730;1644;1484;757;1382;1691;1358;1144,UsMTMduglendive730;UsMtBillings1644;UsNdMdudickinson1484;UsMtMtu757;UsWaSpokane1382;UsWaRichland1691;USWaBellingham1358;UsWaSpokane1144,11;93;81;17;66;101;60;57
12539,6239,2024-01-01 22:13:43,8,0.020008035004138947,0.03232920914888382,726;1484;730;757;1382;1358;871;1144,UsNdMduwilliston726;UsNdMdudickinson1484;UsMTMduglendive730;UsMtMtu757;UsWaSpokane1382;USWaBellingham1358;UsWaCentralia871;UsWaSpokane1144,10;81;11;17;66;60;29;57
12877,6411,2024-01-01 22:16:35,8,0.019933421164751053,0.055449068546295166,730;1644;1484;757;1382;1691;1358;1144,UsMTMduglendive730;UsMtBillings1644;UsNdMdudickinson1484;UsMtMtu757;UsWaSpokane1382;UsWaRichland1691;USWaBellingham1358;UsWaSpokane1144,11;93;81;17;66;101;60;57
17958,8040,2024-01-01 22:43:44,8,0.01984131708741188,0.05947327986359596,730;1644;1484;757;1496;1358;1382;1144,UsMTMduglendive730;UsMtBillings1644;UsNdMdudickinson1484;UsMtMtu757;UsWaWsu1496;USWaBellingham1358;UsWaSpokane1382;UsWaSpokane1144,11;93;81;17;83;60;66;57
16988,7777,2024-01-01 22:39:21,8,0.019569557160139084,0.051693204790353775,730;1644;757;1496;1691;1358;1382;1144,UsMTMduglendive730;UsMtBillings1644;UsMtMtu757;UsWaWsu1496;UsWaRichland1691;USWaBellingham1358;UsWaSpokane1382;UsWaSpokane1144,11;93;17;83;101;60;66;57
13034,6460,2024-01-01 22:17:24,8,0.019508276134729385,0.03134876489639282,730;1484;757;1496;1691;1358;1382;1144,UsMTMduglendive730;UsNdMdudickinson1484;UsMtMtu757;UsWaWsu1496;UsWaRichland1691;USWaBellingham1358;UsWaSpokane1382;UsWaSpokane1144,11;81;17;83;101;60;66;57
18220,8132,2024-01-01 22:45:16,8,0.019427131861448288,0.05160898715257645,730;1644;1484;757;1382;1691;1358;1144,UsMTMduglendive730;UsMtBillings1644;UsNdMdudickinson1484;UsMtMtu757;UsWaSpokane1382;UsWaRichland1691;USWaBellingham1358;UsWaSpokane1144,11;93;81;17;66;101;60;57
17569,7921,2024-01-01 22:41:45,8,0.01932378113269806,0.04537982493638992,730;1644;1484;757;1382;1691;1358;1144,UsMTMduglendive730;UsMtBillings1644;UsNdMdudickinson1484;UsMtMtu757;UsWaSpokane1382;UsWaRichland1691;USWaBellingham1358;UsWaSpokane1144,11;93;81;17;66;101;60;57
16979,7774,2024-01-01 22:39:18,8,0.019181665033102036,0.0654645636677742,730;1644;757;1496;1691;1358;1382;1144,UsMTMduglendive730;UsMtBillings1644;UsMtMtu757;UsWaWsu1496;UsWaRichland1691;USWaBellingham1358;UsWaSpokane1382;UsWaSpokane1144,11;93;17;83;101;60;66;57
13643,6661,2024-01-01 22:20:45,8,0.01910499855875969,0.04049580916762352,730;1644;1484;757;1382;1691;1358;1144,UsMTMduglendive730;UsMtBillings1644;UsNdMdudickinson1484;UsMtMtu757;UsWaSpokane1382;UsWaRichland1691;USWaBellingham1358;UsWaSpokane1144,11;93;81;17;66;101;60;57
16825,7709,2024-01-01 22:38:13,8,0.018937770277261734,0.04344469681382179,730;1644;1484;757;1496;1691;1382;1144,UsMTMduglendive730;UsMtBillings1644;UsNdMdudickinson1484;UsMtMtu757;UsWaWsu1496;UsWaRichland1691;UsWaSpokane1382;UsWaSpokane1144,11;93;81;17;83;101;66;57
14049,6832,2024-01-01 22:23:36,8,0.01874680072069168,0.03606327623128891,730;1644;1484;757;1382;1691;1358;1144,UsMTMduglendive730;UsMtBillings1644;UsNdMdudickinson1484;UsMtMtu757;UsWaSpokane1382;UsWaRichland1691;USWaBellingham1358;UsWaSpokane1144,11;93;81;17;66;101;60;57
13245,6545,2024-01-01 22:18:49,8,0.018718868494033813,0.04601561278104782,730;1644;1484;757;1382;1691;1358;1144,UsMTMduglendive730;UsMtBillings1644;UsNdMdudickinson1484;UsMtMtu757;UsWaSpokane1382;UsWaRichland1691;USWaBellingham1358;UsWaSpokane1144,11;93;81;17;66;101;60;57
14987,7127,2024-01-01 22:28:31,8,0.018713604658842087,0.028355250135064125,730;1644;1484;757;1496;1358;1382;1144,UsMTMduglendive730;UsMtBillings1644;UsNdMdudickinson1484;UsMtMtu757;UsWaWsu1496;USWaBellingham1358;UsWaSpokane1382;UsWaSpokane1144,11;93;81;17;83;60;66;57
12618,6275,2024-01-01 22:14:19,8,0.01870189979672432,0.052602093666791916,730;1644;1484;757;1496;1358;1382;1144,UsMTMduglendive730;UsMtBillings1644;UsNdMdudickinson1484;UsMtMtu757;UsWaWsu1496;USWaBellingham1358;UsWaSpokane1382;UsWaSpokane1144,11;93;81;17;83;60;66;57
17981,8046,2024-01-01 22:43:50,8,0.01869475282728672,0.05822259932756424,730;1644;757;1496;1691;1358;1382;1144,UsMTMduglendive730;UsMtBillings1644;UsMtMtu757;UsWaWsu1496;UsWaRichland1691;USWaBellingham1358;UsWaSpokane1382;UsWaSpokane1144,11;93;17;83;101;60;66;57
16294,7524,2024-01-01 22:35:08,8,0.01863068901002407,0.0629667341709137,730;1644;1484;757;1496;1358;1382;1144,UsMTMduglendive730;UsMtBillings1644;UsNdMdudickinson1484;UsMtMtu757;UsWaWsu1496;USWaBellingham1358;UsWaSpokane1382;UsWaSpokane1144,11;93;81;17;83;60;66;57
16994,7779,2024-01-01 22:39:23,8,0.018604569137096405,0.06468929350376129,730;1484;757;1496;1691;1358;1382;1144,UsMTMduglendive730;UsNdMdudickinson1484;UsMtMtu757;UsWaWsu1496;UsWaRichland1691;USWaBellingham1358;UsWaSpokane1382;UsWaSpokane1144,11;81;17;83;101;60;66;57
17986,8048,2024-01-01 22:43:52,8,0.018143683671951294,0.04966507852077484,730;1484;757;1496;1691;1358;1382;1144,UsMTMduglendive730;UsNdMdudickinson1484;UsMtMtu757;UsWaWsu1496;UsWaRichland1691;USWaBellingham1358;UsWaSpokane1382;UsWaSpokane1144,11;81;17;83;101;60;66;57
16951,7764,2024-01-01 22:39:08,8,0.01799924112856388,0.04614696279168129,730;1644;757;1496;1691;1358;1382;1144,UsMTMduglendive730;UsMtBillings1644;UsMtMtu757;UsWaWsu1496;UsWaRichland1691;USWaBellingham1358;UsWaSpokane1382;UsWaSpokane1144,11;93;17;83;101;60;66;57
13464,6617,2024-01-01 22:20:01,8,0.017910186201334,0.023325663059949875,730;1644;1484;757;1382;1691;1358;1144,UsMTMduglendive730;UsMtBillings1644;UsNdMdudickinson1484;UsMtMtu757;UsWaSpokane1382;UsWaRichland1691;USWaBellingham1358;UsWaSpokane1144,11;93;81;17;66;101;60;57
12838,6381,2024-01-01 22:16:05,8,0.017808014526963234,0.049437928944826126,730;1484;757;1496;1691;1358;1382;1144,UsMTMduglendive730;UsNdMdudickinson1484;UsMtMtu757;UsWaWsu1496;UsWaRichland1691;USWaBellingham1358;UsWaSpokane1382;UsWaSpokane1144,11;81;17;83;101;60;66;57
17585,7925,2024-01-01 22:41:49,8,0.017778802663087845,0.02718712016940117,730;1644;1484;757;1382;1691;1358;1144,UsMTMduglendive730;UsMtBillings1644;UsNdMdudickinson1484;UsMtMtu757;UsWaSpokane1382;UsWaRichland1691;USWaBellingham1358;UsWaSpokane1144,11;93;81;17;66;101;60;57
16961,7768,2024-01-01 22:39:12,8,0.01766277849674225,0.04851474240422249,730;1484;757;1496;1691;1358;1382;1144,UsMTMduglendive730;UsNdMdudickinson1484;UsMtMtu757;UsWaWsu1496;UsWaRichland1691;USWaBellingham1358;UsWaSpokane1382;UsWaSpokane1144,11;81;17;83;101;60;66;57
13457,6615,2024-01-01 22:19:59,8,0.017474360764026642,0.022091349586844444,730;1644;1484;757;1382;1691;1358;1144,UsMTMduglendive730;UsMtBillings1644;UsNdMdudickinson1484;UsMtMtu757;UsWaSpokane1382;UsWaRichland1691;USWaBellingham1358;UsWaSpokane1144,11;93;81;17;66;101;60;57
12875,6409,2024-01-01 22:16:33,8,0.017270095646381378,0.023446379229426384,730;1644;1484;757;1382;1691;1358;1144,UsMTMduglendive730;UsMtBillings1644;UsNdMdudickinson1484;UsMtMtu757;UsWaSpokane1382;UsWaRichland1691;USWaBellingham1358;UsWaSpokane1144,11;93;81;17;66;101;60;57
13243,6544,2024-01-01 22:18:48,8,0.016930174082517624,0.027492154389619827,730;1644;1484;757;1382;1691;1358;1144,UsMTMduglendive730;UsMtBillings1644;UsNdMdudickinson1484;UsMtMtu757;UsWaSpokane1382;UsWaRichland1691;USWaBellingham1358;UsWaSpokane1144,11;93;81;17;66;101;60;57
17319,7856,2024-01-01 22:40:40,8,0.01691412180662155,0.0468280203640461,730;1644;1484;757;1496;1358;1382;1144,UsMTMduglendive730;UsMtBillings1644;UsNdMdudickinson1484;UsMtMtu757;UsWaWsu1496;USWaBellingham1358;UsWaSpokane1382;UsWaSpokane1144,11;93;81;17;83;60;66;57
17822,7987,2024-01-01 22:42:51,8,0.016486845910549164,0.018321726471185684,730;1644;1484;757;1382;1691;1358;1144,UsMTMduglendive730;UsMtBillings1644;UsNdMdudickinson1484;UsMtMtu757;UsWaSpokane1382;UsWaRichland1691;USWaBellingham1358;UsWaSpokane1144,11;93;81;17;66;101;60;57
12825,6372,2024-01-01 22:15:56,8,0.016456589102745056,0.02985788881778717,730;1644;1484;757;1382;1691;1358;1144,UsMTMduglendive730;UsMtBillings1644;UsNdMdudickinson1484;UsMtMtu757;UsWaSpokane1382;UsWaRichland1691;USWaBellingham1358;UsWaSpokane1144,11;93;81;17;66;101;60;57
16946,7762,2024-01-01 22:39:06,8,0.01573646254837513,0.03260933235287666,730;1644;757;1496;1691;1358;1382;1144,UsMTMduglendive730;UsMtBillings1644;UsMtMtu757;UsWaWsu1496;UsWaRichland1691;USWaBellingham1358;UsWaSpokane1382;UsWaSpokane1144,11;93;17;83;101;60;66;57
18222,8133,2024-01-01 22:45:17,8,0.015248043462634087,0.019557038322091103,730;1644;1484;757;1382;1691;1358;1144,UsMTMduglendive730;UsMtBillings1644;UsNdMdudickinson1484;UsMtMtu757;UsWaSpokane1382;UsWaRichland1691;USWaBellingham1358;UsWaSpokane1144,11;93;81;17;66;101;60;57
13249,6547,2024-01-01 22:18:51,8,0.01452381070703268,0.020986322313547134,730;1644;1484;757;1382;1691;1358;1144,UsMTMduglendive730;UsMtBillings1644;UsNdMdudickinson1484;UsMtMtu757;UsWaSpokane1382;UsWaRichland1691;USWaBellingham1358;UsWaSpokane1144,11;93;81;17;66;101;60;57
16964,7769,2024-01-01 22:39:13,8,0.014365275390446186,0.025455527007579803,730;1484;757;1496;1691;1358;1382;1144,UsMTMduglendive730;UsNdMdudickinson1484;UsMtMtu757;UsWaWsu1496;UsWaRichland1691;USWaBellingham1358;UsWaSpokane1382;UsWaSpokane1144,11;81;17;83;101;60;66;57
16826,7710,2024-01-01 22:38:14,8,0.013716094195842743,0.016904721036553383,730;1644;1484;757;1496;1691;1382;1144,UsMTMduglendive730;UsMtBillings1644;UsNdMdudickinson1484;UsMtMtu757;UsWaWsu1496;UsWaRichland1691;UsWaSpokane1382;UsWaSpokane1144,11;93;81;17;83;101;66;57
12621,6276,2024-01-01 22:14:20,8,0.013639995828270912,0.017246875911951065,730;1644;1484;757;1382;1691;1358;1144,UsMTMduglendive730;UsMtBillings1644;UsNdMdudickinson1484;UsMtMtu757;UsWaSpokane1382;UsWaRichland1691;USWaBellingham1358;UsWaSpokane1144,11;93;81;17;66;101;60;57
17682,7954,2024-01-01 22:42:18,8,0.013220557942986488,0.018201900646090508,757;1644;1484;1496;1691;1358;1382;1144,UsMtMtu757;UsMtBillings1644;UsNdMdudickinson1484;UsWaWsu1496;UsWaRichland1691;USWaBellingham1358;UsWaSpokane1382;UsWaSpokane1144,17;93;81;83;101;60;66;57
17309,7854,2024-01-01 22:40:38,8,0.012394563294947147,0.01677599921822548,757;1644;1484;1496;1691;1358;1382;1144,UsMtMtu757;UsMtBillings1644;UsNdMdudickinson1484;UsWaWsu1496;UsWaRichland1691;USWaBellingham1358;UsWaSpokane1382;UsWaSpokane1144,17;93;81;83;101;60;66;57
14074,6841,2024-01-01 22:23:45,7,0.04952829331159592,0.22420433163642883,730;1644;1484;757;1382;1358;1144,UsMTMduglendive730;UsMtBillings1644;UsNdMdudickinson1484;UsMtMtu757;UsWaSpokane1382;USWaBellingham1358;UsWaSpokane1144,11;93;81;17;66;60;57
16139,7485,2024-01-01 22:34:29,7,0.04820882901549339,0.20114895701408386,730;1484;970;757;1382;1358;1144,UsMTMduglendive730;UsNdMdudickinson1484;UsSdRapidcity970;UsMtMtu757;UsWaSpokane1382;USWaBellingham1358;UsWaSpokane1144,11;81;43;17;66;60;57
12420,6207,2024-01-01 22:13:11,7,0.04521998018026352,0.18652480840682983,726;1484;730;757;1382;1691;1144,UsNdMduwilliston726;UsNdMdudickinson1484;UsMTMduglendive730;UsMtMtu757;UsWaSpokane1382;UsWaRichland1691;UsWaSpokane1144,10;81;11;17;66;101;57
12701,6316,2024-01-01 22:15:00,7,0.04497360810637474,0.20929795503616333,730;1644;1484;757;1382;1358;1144,UsMTMduglendive730;UsMtBillings1644;UsNdMdudickinson1484;UsMtMtu757;UsWaSpokane1382;USWaBellingham1358;UsWaSpokane1144,11;93;81;17;66;60;57
14565,6997,2024-01-01 22:26:21,7,0.04419655352830887,0.192562535405159,730;1644;1484;757;1382;1358;1144,UsMTMduglendive730;UsMtBillings1644;UsNdMdudickinson1484;UsMtMtu757;UsWaSpokane1382;USWaBellingham1358;UsWaSpokane1144,11;93;81;17;66;60;57
13418,6601,2024-01-01 22:19:45,7,0.04416603967547417,0.2183721363544464,730;1644;757;1382;1691;1358;1144,UsMTMduglendive730;UsMtBillings1644;UsMtMtu757;UsWaSpokane1382;UsWaRichland1691;USWaBellingham1358;UsWaSpokane1144,11;93;17;66;101;60;57
12681,6306,2024-01-01 22:14:50,7,0.04352805018424988,0.2073274552822113,730;1644;1484;757;1382;1358;1144,UsMTMduglendive730;UsMtBillings1644;UsNdMdudickinson1484;UsMtMtu757;UsWaSpokane1382;USWaBellingham1358;UsWaSpokane1144,11;93;81;17;66;60;57
12906,6431,2024-01-01 22:16:55,7,0.04345661401748657,0.21240629255771637,730;1644;757;1382;1691;1358;1144,UsMTMduglendive730;UsMtBillings1644;UsMtMtu757;UsWaSpokane1382;UsWaRichland1691;USWaBellingham1358;UsWaSpokane1144,11;93;17;66;101;60;57
16525,7607,2024-01-01 22:36:31,7,0.043441157788038254,0.18939781188964844,730;1644;1484;757;1496;1382;1144,UsMTMduglendive730;UsMtBillings1644;UsNdMdudickinson1484;UsMtMtu757;UsWaWsu1496;UsWaSpokane1382;UsWaSpokane1144,11;93;81;17;83;66;57
13727,6705,2024-01-01 22:21:29,7,0.04318561777472496,0.20072121918201447,757;1644;1484;1382;1691;1358;1144,UsMtMtu757;UsMtBillings1644;UsNdMdudickinson1484;UsWaSpokane1382;UsWaRichland1691;USWaBellingham1358;UsWaSpokane1144,17;93;81;66;101;60;57
10631,5460,2024-01-01 22:00:44,7,0.04277532175183296,0.21480709314346313,757;1644;970;1496;1691;1382;1144,UsMtMtu757;UsMtBillings1644;UsSdRapidcity970;UsWaWsu1496;UsWaRichland1691;UsWaSpokane1382;UsWaSpokane1144,17;93;43;83;101;66;57
17250,7843,2024-01-01 22:40:27,7,0.042712558060884476,0.207072451710701,757;1644;1484;1382;1691;1358;1144,UsMtMtu757;UsMtBillings1644;UsNdMdudickinson1484;UsWaSpokane1382;UsWaRichland1691;USWaBellingham1358;UsWaSpokane1144,17;93;81;66;101;60;57
14081,6845,2024-01-01 22:23:49,7,0.0420474037528038,0.17803892493247986,730;1644;1484;757;1382;1358;1144,UsMTMduglendive730;UsMtBillings1644;UsNdMdudickinson1484;UsMtMtu757;UsWaSpokane1382;USWaBellingham1358;UsWaSpokane1144,11;93;81;17;66;60;57
14078,6843,2024-01-01 22:23:47,7,0.04186365380883217,0.18261849880218506,730;1644;1484;757;1382;1358;1144,UsMTMduglendive730;UsMtBillings1644;UsNdMdudickinson1484;UsMtMtu757;UsWaSpokane1382;USWaBellingham1358;UsWaSpokane1144,11;93;81;17;66;60;57
12935,6439,2024-01-01 22:17:03,7,0.04166308790445328,0.19311466813087463,730;1484;757;1382;1691;1358;1144,UsMTMduglendive730;UsNdMdudickinson1484;UsMtMtu757;UsWaSpokane1382;UsWaRichland1691;USWaBellingham1358;UsWaSpokane1144,11;81;17;66;101;60;57
12421,6208,2024-01-01 22:13:12,7,0.04153873771429062,0.16016334295272827,726;1484;730;757;1382;1691;1144,UsNdMduwilliston726;UsNdMdudickinson1484;UsMTMduglendive730;UsMtMtu757;UsWaSpokane1382;UsWaRichland1691;UsWaSpokane1144,10;81;11;17;66;101;57
17637,7942,2024-01-01 22:42:06,7,0.041527729481458664,0.1951267570257187,730;1484;757;1382;1691;1358;1144,UsMTMduglendive730;UsNdMdudickinson1484;UsMtMtu757;UsWaSpokane1382;UsWaRichland1691;USWaBellingham1358;UsWaSpokane1144,11;81;17;66;101;60;57
14835,7078,2024-01-01 22:27:42,7,0.04151705652475357,0.18090040981769562,730;1644;757;1382;1691;1358;1144,UsMTMduglendive730;UsMtBillings1644;UsMtMtu757;UsWaSpokane1382;UsWaRichland1691;USWaBellingham1358;UsWaSpokane1144,11;93;17;66;101;60;57
14069,6839,2024-01-01 22:23:43,7,0.04140673205256462,0.17953775823116302,730;1644;757;1382;1691;1358;1144,UsMTMduglendive730;UsMtBillings1644;UsMtMtu757;UsWaSpokane1382;UsWaRichland1691;USWaBellingham1358;UsWaSpokane1144,11;93;17;66;101;60;57
17633,7941,2024-01-01 22:42:05,7,0.04134681448340416,0.18851789832115173,730;1484;757;1382;1691;1358;1144,UsMTMduglendive730;UsNdMdudickinson1484;UsMtMtu757;UsWaSpokane1382;UsWaRichland1691;USWaBellingham1358;UsWaSpokane1144,11;81;17;66;101;60;57
15654,7330,2024-01-01 22:31:54,7,0.04134305194020271,0.18361710011959076,730;1644;1484;757;1382;1358;1144,UsMTMduglendive730;UsMtBillings1644;UsNdMdudickinson1484;UsMtMtu757;UsWaSpokane1382;USWaBellingham1358;UsWaSpokane1144,11;93;81;17;66;60;57
13141,6497,2024-01-01 22:18:01,7,0.04121401533484459,0.18177852034568787,730;1644;1484;757;1382;1691;1144,UsMTMduglendive730;UsMtBillings1644;UsNdMdudickinson1484;UsMtMtu757;UsWaSpokane1382;UsWaRichland1691;UsWaSpokane1144,11;93;81;17;66;101;57
12846,6389,2024-01-01 22:16:13,7,0.04104343056678772,0.19441165030002594,730;1644;757;1382;1691;1358;1144,UsMTMduglendive730;UsMtBillings1644;UsMtMtu757;UsWaSpokane1382;UsWaRichland1691;USWaBellingham1358;UsWaSpokane1144,11;93;17;66;101;60;57
12823,6371,2024-01-01 22:15:55,7,0.04066262021660805,0.19712547957897186,730;1484;757;1382;1691;1358;1144,UsMTMduglendive730;UsNdMdudickinson1484;UsMtMtu757;UsWaSpokane1382;UsWaRichland1691;USWaBellingham1358;UsWaSpokane1144,11;81;17;66;101;60;57
17050,7795,2024-01-01 22:39:39,7,0.040559057146310806,0.18302224576473236,730;1644;757;1382;1691;1358;1144,UsMTMduglendive730;UsMtBillings1644;UsMtMtu757;UsWaSpokane1382;UsWaRichland1691;USWaBellingham1358;UsWaSpokane1144,11;93;17;66;101;60;57
13112,6485,2024-01-01 22:17:49,7,0.040505390614271164,0.1862134337425232,730;1484;757;1382;1691;1358;1144,UsMTMduglendive730;UsNdMdudickinson1484;UsMtMtu757;UsWaSpokane1382;UsWaRichland1691;USWaBellingham1358;UsWaSpokane1144,11;81;17;66;101;60;57
